domain,5344,5994,6285,6482,6788,7405,sitemap,version,unprotectedpaths
informationcenters.com,Unknown,Unknown,Unknown,Unknown,Unknown,Unknown,
informationhurts.com,Unknown,Unknown,Unknown,Unknown,Unknown,Unknown,
infoyou.com.br,Unknown,Unknown,Unknown,Unknown,Unknown,Unknown,
infraroodsaunas.com,Unknown,Unknown,Unknown,Unknown,Unknown,Unknown,
ingridandisabel.com,Unknown,Unknown,Unknown,Unknown,Unknown,Unknown,
inika.co.nz,Unknown,Unknown,Unknown,Unknown,Unknown,Unknown,
inika.co.uk,Unknown,Unknown,Unknown,Unknown,Unknown,Unknown,
inika.com.au,Unknown,Unknown,Unknown,Unknown,Unknown,Unknown,
inikacosmetics.com,Unknown,Unknown,Unknown,Unknown,Unknown,Unknown,
inkcartridges.com,Unknown,Unknown,Unknown,Unknown,Unknown,Unknown,
inkinddirect.org,Unknown,Unknown,Unknown,Unknown,Unknown,Unknown,
inmypantsunderwear.com,Unknown,Unknown,Unknown,Unknown,Unknown,Unknown,
innovasport.com,Unknown,Unknown,Unknown,Unknown,Unknown,Unknown,
innvictus.com,Unknown,Unknown,Unknown,Unknown,Unknown,Unknown,
inprimetime.com,Unknown,Unknown,Unknown,Unknown,Unknown,Unknown,
insectlore.co.uk,Unknown,Unknown,Unknown,Unknown,Unknown,Unknown,
insectlore.com,Unknown,Unknown,Unknown,Unknown,Unknown,Unknown,
insound.com,Unknown,Unknown,Unknown,Unknown,Unknown,Unknown,
inspiredcases.com,Unknown,Unknown,Unknown,Unknown,Unknown,Unknown,
inspiredcharms.com,Unknown,Unknown,Unknown,Unknown,Unknown,Unknown,
inspiredposters.com,Unknown,Unknown,Unknown,Unknown,Unknown,Unknown,
inspiredshades.com,Unknown,Unknown,Unknown,Unknown,Unknown,Unknown,
inspiredsilver.com,Unknown,Unknown,Unknown,Unknown,Unknown,Unknown,
installerdirect.com,Unknown,Unknown,Unknown,Unknown,Unknown,Unknown,
instylefashion.pl,Unknown,Unknown,Unknown,Unknown,Unknown,Unknown,
intec.ge,Unknown,Unknown,Unknown,Unknown,Unknown,Unknown,
integratedfootweardirect.com,Unknown,Unknown,Unknown,Unknown,Unknown,Unknown,
intel.com,Unknown,Unknown,Unknown,Unknown,Unknown,Unknown,
intelaudio.com,Unknown,Unknown,Unknown,Unknown,Unknown,Unknown,
intercleansupplies.com,Unknown,Unknown,Unknown,Unknown,Unknown,Unknown,
internationalecommerceinfo.com,Unknown,Unknown,Unknown,Unknown,Unknown,Unknown,
internationaltrucks.com,Unknown,Unknown,Unknown,Unknown,Unknown,Unknown,
intersport.nl,Unknown,Unknown,Unknown,Unknown,Unknown,Unknown,
intersportharbach.nl,Unknown,Unknown,Unknown,Unknown,Unknown,Unknown,
intersportluxen.nl,Unknown,Unknown,Unknown,Unknown,Unknown,Unknown,
intersportmegastoreroermond.nl,Unknown,Unknown,Unknown,Unknown,Unknown,Unknown,
intersportmeijers.nl,Unknown,Unknown,Unknown,Unknown,Unknown,Unknown,
intersportroden.nl,Unknown,Unknown,Unknown,Unknown,Unknown,Unknown,
intersportsuperstore.nl,Unknown,Unknown,Unknown,Unknown,Unknown,Unknown,
interweavestore.com,Unknown,Unknown,Unknown,Unknown,Unknown,Unknown,
intexzwembad.eu,Unknown,Unknown,Unknown,Unknown,Unknown,Unknown,
intexzwembaden.eu,Unknown,Unknown,Unknown,Unknown,Unknown,Unknown,
intrax-suspension.ru,Unknown,Unknown,Unknown,Unknown,Unknown,Unknown,
intraxracing.ru,Unknown,Unknown,Unknown,Unknown,Unknown,Unknown,
invertededge.com,Unknown,Unknown,Unknown,Unknown,Unknown,Unknown,
inwerk-bueromoebel.de,Unknown,Unknown,Unknown,Unknown,Unknown,Unknown,
io-lab.com,Unknown,Unknown,Unknown,Unknown,Unknown,Unknown,
iometro.com,Unknown,Unknown,Unknown,Unknown,Unknown,Unknown,
iponiczone.com,Unknown,Unknown,Unknown,Unknown,Unknown,Unknown,
iposhq.com,Unknown,Unknown,Unknown,Unknown,Unknown,Unknown,
iposhq.net,Unknown,Unknown,Unknown,Unknown,Unknown,Unknown,
ippolita.com,Unknown,Unknown,Unknown,Unknown,Unknown,Unknown,
ironmanstore.com,Unknown,Unknown,Unknown,Unknown,Unknown,Unknown,
isaacdiamonds.com,Unknown,Unknown,Unknown,Unknown,Unknown,Unknown,
isagenixgear.com,Unknown,Unknown,Unknown,Unknown,Unknown,Unknown,
iskal.se,Unknown,Unknown,Unknown,Unknown,Unknown,Unknown,
islandoasis.com,Unknown,Unknown,Unknown,Unknown,Unknown,Unknown,
isotoner.fr,Unknown,Unknown,Unknown,Unknown,Unknown,Unknown,
istoreworld.com,Unknown,Unknown,Unknown,Unknown,Unknown,Unknown,
istrikealert.com,Unknown,Unknown,Unknown,Unknown,Unknown,Unknown,
itoen.com,Unknown,Unknown,Unknown,Unknown,Unknown,Unknown,
itoutlet.com,Unknown,Unknown,Unknown,Unknown,Unknown,Unknown,
itspartytimeent.com,Unknown,Unknown,Unknown,Unknown,Unknown,Unknown,
itssewemma.com,Unknown,Unknown,Unknown,Unknown,Unknown,Unknown,
itstore.my,Unknown,Unknown,Unknown,Unknown,Unknown,Unknown,
itsugar.com,Unknown,Unknown,Unknown,Unknown,Unknown,Unknown,
itunescard.org,Unknown,Unknown,Unknown,Unknown,Unknown,Unknown,
ityuns.com,Unknown,Unknown,Unknown,Unknown,Unknown,Unknown,
ivapocase.com,Unknown,Unknown,Unknown,Unknown,Unknown,Unknown,
ivf-equipment.com,Unknown,Unknown,Unknown,Unknown,Unknown,Unknown,
ivylanedesign.com,Unknown,Unknown,Unknown,Unknown,Unknown,Unknown,
izabellashoes.com,Unknown,Unknown,Unknown,Unknown,Unknown,Unknown,
izabellasko.dk,Unknown,Unknown,Unknown,Unknown,Unknown,Unknown,
jack-jones.ca,Unknown,Unknown,Unknown,Unknown,Unknown,Unknown,
jackjones.com,Unknown,Unknown,Unknown,Unknown,Unknown,Unknown,
jackrabbit.com,Unknown,Unknown,Unknown,Unknown,Unknown,Unknown,
jackrabbitsports.com,Unknown,Unknown,Unknown,Unknown,Unknown,Unknown,
jackrogersusa.com,Unknown,Unknown,Unknown,Unknown,Unknown,Unknown,
jackwhitehall.com,Unknown,Unknown,Unknown,Unknown,Unknown,Unknown,
jacoapparel.com,Unknown,Unknown,Unknown,Unknown,Unknown,Unknown,
jacoclothing.com,Unknown,Unknown,Unknown,Unknown,Unknown,Unknown,
jacuzzis.nl,Unknown,Unknown,Unknown,Unknown,Unknown,Unknown,
jadelaroche.com,Unknown,Unknown,Unknown,Unknown,Unknown,Unknown,
jagjeans.com,Unknown,Unknown,Unknown,Unknown,Unknown,Unknown,
jago24.co.uk,Unknown,Unknown,Unknown,Unknown,Unknown,Unknown,
jago24.fr,Unknown,Unknown,Unknown,Unknown,Unknown,Unknown,
jailupourelle.com,Unknown,Unknown,Unknown,Unknown,Unknown,Unknown,
jakesfireworks.com,Unknown,Unknown,Unknown,Unknown,Unknown,Unknown,
jakesfireworks.net,Unknown,Unknown,Unknown,Unknown,Unknown,Unknown,
jalla.com,Unknown,Unknown,Unknown,Unknown,Unknown,Unknown,
jalla.fr,Unknown,Unknown,Unknown,Unknown,Unknown,Unknown,
jamaudio.com,Unknown,Unknown,Unknown,Unknown,Unknown,Unknown,
jamaudio.de,Unknown,Unknown,Unknown,Unknown,Unknown,Unknown,
jamaudio.it,Unknown,Unknown,Unknown,Unknown,Unknown,Unknown,
jamesblakemusic.com,Unknown,Unknown,Unknown,Unknown,Unknown,Unknown,
jamespattersonlibrary.com,Unknown,Unknown,Unknown,Unknown,Unknown,Unknown,
jamesperse.com,Unknown,Unknown,Unknown,Unknown,Unknown,Unknown,
jamiehewlett.com,Unknown,Unknown,Unknown,Unknown,Unknown,Unknown,
jan-kurtz-online.de,Unknown,Unknown,Unknown,Unknown,Unknown,Unknown,
jandesbouvrieshop.nl,Unknown,Unknown,Unknown,Unknown,Unknown,Unknown,
janenorman.co.uk,Unknown,Unknown,Unknown,Unknown,Unknown,Unknown,
jangro.net,Unknown,Unknown,Unknown,Unknown,Unknown,Unknown,
janitorialexpress.co.uk,Unknown,Unknown,Unknown,Unknown,Unknown,Unknown,
janitorialstore.co.uk,Unknown,Unknown,Unknown,Unknown,Unknown,Unknown,
janven.ae,Unknown,Unknown,Unknown,Unknown,Unknown,Unknown,
janven.com,Unknown,Unknown,Unknown,Unknown,Unknown,Unknown,
jarir.com,Unknown,Unknown,Unknown,Unknown,Unknown,Unknown,
jarirbookstore.com,Unknown,Unknown,Unknown,Unknown,Unknown,Unknown,
jarirebook.com,Unknown,Unknown,Unknown,Unknown,Unknown,Unknown,
jarrellatl.com,Unknown,Unknown,Unknown,Unknown,Unknown,Unknown,
jasoncastromusic.com,Unknown,Unknown,Unknown,Unknown,Unknown,Unknown,
jaxquickfit.com.au,Unknown,Unknown,Unknown,Unknown,Unknown,Unknown,
jaxtyres.com.au,Unknown,Unknown,Unknown,Unknown,Unknown,Unknown,
jaxxbeanbags.com,Unknown,Unknown,Unknown,Unknown,Unknown,Unknown,
jaydemia.com,Unknown,Unknown,Unknown,Unknown,Unknown,Unknown,
jaysonhome.com,Unknown,Unknown,Unknown,Unknown,Unknown,Unknown,
jbc.be,Unknown,Unknown,Unknown,Unknown,Unknown,Unknown,
jc.se,Unknown,Unknown,Unknown,Unknown,Unknown,Unknown,
jcgoss.com,Unknown,Unknown,Unknown,Unknown,Unknown,Unknown,
jcicompanystore.com,Unknown,Unknown,Unknown,Unknown,Unknown,Unknown,
jclub.com,Unknown,Unknown,Unknown,Unknown,Unknown,Unknown,
jcpenneyoptical.com,Unknown,Unknown,Unknown,Unknown,Unknown,Unknown,
jebsenconsumer.com,Unknown,Unknown,Unknown,Unknown,Unknown,Unknown,
jebsenfinewines.com,Unknown,Unknown,Unknown,Unknown,Unknown,Unknown,
jeep4x4center.com,Unknown,Unknown,Unknown,Unknown,Unknown,Unknown,
jeffbanks.com.au,Unknown,Unknown,Unknown,Unknown,Unknown,Unknown,
jeffgordon.com,Unknown,Unknown,Unknown,Unknown,Unknown,Unknown,
jemjem.com,Unknown,Unknown,Unknown,Unknown,Unknown,Unknown,
jenu.com,Unknown,Unknown,Unknown,Unknown,Unknown,Unknown,
jet-setter.ca,Unknown,Unknown,Unknown,Unknown,Unknown,Unknown,
jetcellular.co.za,Unknown,Unknown,Unknown,Unknown,Unknown,Unknown,
jetkharid.com,Unknown,Unknown,Unknown,Unknown,Unknown,Unknown,
jetstreamgenetics.com,Unknown,Unknown,Unknown,Unknown,Unknown,Unknown,
jewelexclusive.com,Unknown,Unknown,Unknown,Unknown,Unknown,Unknown,
jeweliq.com,Unknown,Unknown,Unknown,Unknown,Unknown,Unknown,
jewelry.com,Unknown,Unknown,Unknown,Unknown,Unknown,Unknown,
jewelrylotus.com,Unknown,Unknown,Unknown,Unknown,Unknown,Unknown,
jewelrysmartstore.com,Unknown,Unknown,Unknown,Unknown,Unknown,Unknown,
jewelsofzyir.com,Unknown,Unknown,Unknown,Unknown,Unknown,Unknown,
jewsforjesus.ca,Unknown,Unknown,Unknown,Unknown,Unknown,Unknown,
jewsforjesus.org,Unknown,Unknown,Unknown,Unknown,Unknown,Unknown,
